Date,Department,Region,Revenue,Cost,Expense,Profit_Center,Profit,Gross_Margin_%,Net_Profit_Margin_%
2022-01-01,Sales,North,79184,32267,10096,Core Business,36821,59.25060618306729,46.500555667811675
2022-01-01,Sales,South,86579,53760,14516,Support Services,18303,37.906420725580105,21.14023030989039
2022-01-01,Sales,East,72790,42010,7510,Core Business,23270,42.286028300590736,31.968677016073638
2022-01-01,Sales,West,107314,50415,17191,Support Services,39708,53.021041057084815,37.00169595765697
2022-01-01,Marketing,North,102124,62786,17374,New Ventures,21964,38.519838627550826,21.507187340879717
2022-01-01,Marketing,South,107787,57640,13777,Core Business,36370,46.52416339632794,33.7424735821574
2022-01-01,Marketing,East,91853,55979,12310,Core Business,23564,39.05588276920732,25.654034163282635
2022-01-01,Marketing,West,106443,73143,14227,Core Business,19073,31.284349370085394,17.91851037644561
2022-01-01,R&D,North,149595,64178,27637,Support Services,57780,57.09883351716301,38.62428557104181
2022-01-01,R&D,South,119342,76634,20642,Support Services,22066,35.78622781585695,18.4897186237871
2022-01-01,R&D,East,82722,57238,11403,Support Services,14081,30.806798675080387,17.022073934382632
2022-01-01,R&D,West,126854,82305,20531,New Ventures,24018,35.11832500354738,18.933577183218503
2022-01-01,Operations,North,100407,61385,10500,Core Business,28522,38.863824235362074,28.406386008943603
2022-01-01,Operations,South,125861,87544,23351,Core Business,14966,30.44390240026696,11.890895511715305
2022-01-01,Operations,East,149647,72338,24477,New Ventures,52832,51.660908671740835,35.30441639324543
2022-01-01,Operations,West,92638,47343,11204,New Ventures,34091,48.894622077333274,36.80023316565556
2022-01-01,HR,North,68717,40044,8047,Support Services,20626,41.72621039917342,30.015862159291007
2022-01-01,HR,South,114175,51266,15749,Support Services,47160,55.09875191591854,41.30501423253777
2022-01-01,HR,East,196001,91313,25956,Core Business,78732,53.41197238789598,40.16918281029179
2022-01-01,HR,West,110043,71147,19863,New Ventures,19033,35.34618285579273,17.295966122333997
2022-02-01,Sales,North,120186,50460,22993,Support Services,46733,58.0150766312216,38.88389662689498
2022-02-01,Sales,South,132490,61447,19863,Support Services,51180,53.621405389085965,38.62933051551061
2022-02-01,Sales,East,170285,75412,19406,Support Services,75467,55.714243767801044,44.31805502539859
2022-02-01,Sales,West,197159,110742,34443,New Ventures,51974,43.831121074868506,26.361464604709905
2022-02-01,Marketing,North,154700,78680,30898,Core Business,45122,49.140271493212666,29.167420814479637
2022-02-01,Marketing,South,183569,100605,32230,Core Business,50734,45.19499479759654,27.63756407672319
2022-02-01,Marketing,East,90066,52979,16140,New Ventures,20947,41.177580885128684,23.257389025825507
2022-02-01,Marketing,West,66653,34354,10637,New Ventures,21662,48.45843397896569,32.49966243079832
2022-02-01,R&D,North,188704,89714,29309,Core Business,69681,52.45781753433949,36.92608529760895
2022-02-01,R&D,South,80029,48378,12300,New Ventures,19351,39.549413337665094,24.17998475552612
2022-02-01,R&D,East,139174,60327,19968,New Ventures,58879,56.653541609783446,42.30603417304956
2022-02-01,R&D,West,50850,34890,9538,New Ventures,6422,31.386430678466077,12.62930186823992
2022-02-01,Operations,North,181225,113915,27322,Core Business,39988,37.141674713753616,22.06538832942475
2022-02-01,Operations,South,128235,83673,19333,Core Business,25229,34.75026318867704,19.67403594962374
2022-02-01,Operations,East,90065,46128,10461,Support Services,33476,48.78365624826514,37.168711486148894
2022-02-01,Operations,West,50149,29070,7465,Core Business,13614,42.03274242756586,27.14710163712138
2022-02-01,HR,North,145153,96325,26587,New Ventures,22241,33.6389878266381,15.322452860085564
2022-02-01,HR,South,112770,47067,21178,Core Business,44525,58.26283586060123,39.483018533297866
2022-02-01,HR,East,72453,44889,13157,Support Services,14407,38.043973334437496,19.884614853767268
2022-02-01,HR,West,82967,36382,12239,Support Services,34346,56.148830257813344,41.397182012125306
2022-03-01,Sales,North,93287,44732,17467,New Ventures,31088,52.04905292270091,33.32511496778758
2022-03-01,Sales,South,105521,71614,18521,Support Services,15386,32.132940362581856,14.580983879985974
2022-03-01,Sales,East,102730,63064,14371,Support Services,25295,38.61189525941789,24.62279762484182
2022-03-01,Sales,West,147889,78592,22443,Core Business,46854,46.85744037758048,31.68186951024079
2022-03-01,Marketing,North,114986,53745,15386,Support Services,45855,53.25952724679526,39.87876784999913
2022-03-01,Marketing,South,195207,91558,23819,Core Business,79830,53.09696885869871,40.89504987013785
2022-03-01,Marketing,East,65433,30667,12467,New Ventures,22299,53.132211575199065,34.07913438173399
2022-03-01,Marketing,West,68574,38006,8767,New Ventures,21801,44.57666170851927,31.791932802519906
2022-03-01,R&D,North,106160,59637,18295,Support Services,28228,43.82347400150716,26.590052750565185
2022-03-01,R&D,South,173907,82240,25616,New Ventures,66051,52.7103566848948,37.98064482740775
2022-03-01,R&D,East,99914,42792,16575,New Ventures,40547,57.17116720379526,40.581900434373566
2022-03-01,R&D,West,161038,84276,30014,Core Business,46748,47.66701027086774,29.029173238614487
2022-03-01,Operations,North,75799,31697,13099,Core Business,31003,58.182825630945004,40.90159500784971
2022-03-01,Operations,South,115183,52693,17695,Core Business,44795,54.25279772188604,38.89028762925085
2022-03-01,Operations,East,160593,73077,23488,Core Business,64028,54.49552595692215,39.869732802799625
2022-03-01,Operations,West,166164,106744,30839,Core Business,28581,35.7598517127657,17.200476637538817
2022-03-01,HR,North,63261,37681,9745,Core Business,15835,40.435655459129634,25.031219866900617
2022-03-01,HR,South,74448,50469,13763,Core Business,10216,32.20905867182463,13.722329679776488
2022-03-01,HR,East,156539,85422,18999,New Ventures,52118,45.430851097809494,33.293939529446334
2022-03-01,HR,West,65370,29376,6551,New Ventures,29443,55.06195502524094,45.040538473305794
2022-04-01,Sales,North,119521,81029,21336,New Ventures,17156,32.2052191665063,14.353962901916816
2022-04-01,Sales,South,160888,97977,27841,Support Services,35070,39.102356919099,21.79777236338322
2022-04-01,Sales,East,177577,79277,23026,Core Business,75274,55.35626798515574,42.38949864002658
2022-04-01,Sales,West,192133,80366,25238,Core Business,86529,58.1716831569798,45.03599069394638
2022-04-01,Marketing,North,174987,96392,32420,Core Business,46175,44.914765096835765,26.38767451296382
2022-04-01,Marketing,South,64910,44673,7011,Core Business,13226,31.17701432753043,20.375905099368357
2022-04-01,Marketing,East,67962,39316,11385,Core Business,17261,42.1500250139784,25.398016538653955
2022-04-01,Marketing,West,155847,67943,29459,Core Business,58445,56.40403729298606,37.5015239305216
2022-04-01,R&D,North,60418,35393,8574,Support Services,16451,41.419775563573765,27.228640471382697
2022-04-01,R&D,South,198170,110347,38340,Core Business,49483,44.31700055507897,24.96997527375486
2022-04-01,R&D,East,132361,62422,18474,Support Services,51465,52.83958265652269,38.882299166672965
2022-04-01,R&D,West,128642,69102,24815,Core Business,34725,46.28348439856346,26.99351689183937
2022-04-01,Operations,North,52441,28186,10480,Core Business,13775,46.251978413836504,26.267615034038254
2022-04-01,Operations,South,69204,38843,10421,Core Business,19940,43.87174151783134,28.813363389399456
2022-04-01,Operations,East,141490,93986,26589,New Ventures,20915,33.57410417697364,14.781963389638845
2022-04-01,Operations,West,124707,55784,22868,Support Services,46055,55.26794807027673,36.93056524493413
2022-04-01,HR,North,129303,75448,25695,Support Services,28160,41.65023239986698,21.778303674315367
2022-04-01,HR,South,188658,75905,34281,New Ventures,78472,59.76581963129048,41.59484357938704
2022-04-01,HR,East,77154,52594,8751,Core Business,15809,31.83243901806776,20.49018845426031
2022-04-01,HR,West,78058,48608,9019,New Ventures,20431,37.728355837966646,26.174126931256247
2022-05-01,Sales,North,105215,64737,12663,Support Services,27815,38.47170080311743,26.436344627667157
2022-05-01,Sales,South,119201,65753,14913,Core Business,38535,44.83855001216433,32.327748928280805
2022-05-01,Sales,East,74195,43796,13572,Core Business,16827,40.971763595929644,22.679425837320576
2022-05-01,Sales,West,50929,25467,5759,New Ventures,19703,49.995091205403604,38.68719197313907
2022-05-01,Marketing,North,92357,57480,14330,New Ventures,20547,37.763244800069295,22.247366198555603
2022-05-01,Marketing,South,197038,79386,21186,Support Services,96466,59.71030968645642,48.95806900191842
2022-05-01,Marketing,East,89073,50208,16341,Support Services,22524,43.63275066518474,25.287124044323196
2022-05-01,Marketing,West,194841,86592,21967,New Ventures,86282,55.55760851155558,44.28328739844283
2022-05-01,R&D,North,145591,97501,26149,Core Business,21941,33.030887898290416,15.07029967511728
2022-05-01,R&D,South,143797,66581,17967,Core Business,59249,53.69792137527208,41.20322398937391
2022-05-01,R&D,East,142714,90485,26889,New Ventures,25340,36.596970164104434,17.75579130288549
2022-05-01,R&D,West,90515,61344,11194,Core Business,17977,32.227807545710654,19.860796553057504
2022-05-01,Operations,North,96413,64059,9880,Support Services,22474,33.55771524586933,23.31013452542707
2022-05-01,Operations,South,137080,87006,19351,Support Services,30723,36.529034140647795,22.412459877443826
2022-05-01,Operations,East,115055,55231,20564,Core Business,39260,51.99600191212899,34.12281082960323
2022-05-01,Operations,West,150281,99433,27931,Core Business,22917,33.83528190523087,15.249432729353677
2022-05-01,HR,North,102316,65991,14941,New Ventures,21384,35.50275616716838,20.89995699597326
2022-05-01,HR,South,109662,51198,18204,New Ventures,40260,53.31290693220988,36.71280844777589
2022-05-01,HR,East,136051,65791,14549,New Ventures,55711,51.64239880632998,40.94861485766367
2022-05-01,HR,West,142050,84156,19882,Support Services,38012,40.75607180570221,26.759591693065822
2022-06-01,Sales,North,136808,93271,15258,New Ventures,28279,31.823431378281974,20.670574820185955
2022-06-01,Sales,South,96810,55586,19202,Core Business,22022,42.582377853527525,22.747650036153292
2022-06-01,Sales,East,78417,45401,10552,New Ventures,22464,42.103115395896296,28.64684953517732
2022-06-01,Sales,West,164398,95657,24847,New Ventures,43894,41.81376902395406,26.699838197544985
2022-06-01,Marketing,North,99828,47559,17058,Core Business,35211,52.35905757903594,35.271667267700444
2022-06-01,Marketing,South,186293,126245,28660,Support Services,31388,32.23309517802601,16.848727542097663
2022-06-01,Marketing,East,101651,51767,10876,Support Services,39008,49.073791699048705,38.374438028155154
2022-06-01,Marketing,West,136559,80152,22715,Core Business,33692,41.30595566751368,24.6721197431147
2022-06-01,R&D,North,128727,71074,21457,New Ventures,36196,44.78702991602383,28.118421154847077
2022-06-01,R&D,South,155486,94716,24168,Core Business,36602,39.083904660226644,23.540383056995484
2022-06-01,R&D,East,160217,96046,22096,Support Services,42075,40.05255372401181,26.261258168608826
2022-06-01,R&D,West,95620,55904,12439,Support Services,27277,41.535243672871786,28.526458899811757
2022-06-01,Operations,North,50106,24610,6063,Support Services,19433,50.88412565361434,38.78377838981359
2022-06-01,Operations,South,134475,72548,19393,Core Business,42534,46.05093883621491,31.629670942554377
2022-06-01,Operations,East,184001,99720,34981,Support Services,49300,45.8046423660741,26.79333264493128
2022-06-01,Operations,West,94483,56468,12129,Support Services,25886,40.23475122508811,27.397521247208495
2022-06-01,HR,North,137867,59009,26911,Core Business,51947,57.198604452116896,37.67906750709017
2022-06-01,HR,South,131374,61403,15753,Core Business,54218,53.26091920775801,41.269962092955986
2022-06-01,HR,East,62114,29408,9162,Core Business,23544,52.654796020220886,37.9044981807644
2022-06-01,HR,West,169384,88813,27605,Core Business,52966,47.567066547017426,31.269777546875737
2022-07-01,Sales,North,150657,82607,18741,Support Services,49309,45.16882720351527,32.729312278885146
2022-07-01,Sales,South,51453,34360,9572,Core Business,7521,33.220609099566595,14.61722348551105
2022-07-01,Sales,East,161449,75179,29127,Support Services,57143,53.434830813445735,35.3938395406599
2022-07-01,Sales,West,185779,100202,28933,Core Business,56644,46.063871589361554,30.489990795515105
2022-07-01,Marketing,North,169658,74649,24848,Support Services,70161,56.00030649895672,41.35437173608082
2022-07-01,Marketing,South,196518,113712,38321,New Ventures,44485,42.13659817421305,22.636603262805444
2022-07-01,Marketing,East,182324,96271,34766,New Ventures,51287,47.19784559355872,28.129593470963776
2022-07-01,Marketing,West,91722,57151,13526,New Ventures,21045,37.69106648350451,22.944331785176946
2022-07-01,R&D,North,114812,74852,14665,Support Services,25295,34.80472424485245,22.031669163502073
2022-07-01,R&D,South,177034,104100,22564,Core Business,50370,41.1977360281076,28.45216173164477
2022-07-01,R&D,East,124901,58746,16684,Support Services,49471,52.96594903163305,39.60816967037894
2022-07-01,R&D,West,71122,31401,8756,Support Services,30965,55.849104355895506,43.53786451449621
2022-07-01,Operations,North,90056,55107,9584,New Ventures,25365,38.808074975570754,28.165807941725145
2022-07-01,Operations,South,136738,76953,19359,Core Business,40426,43.722301042870306,29.564568737293218
2022-07-01,Operations,East,160138,82766,28341,Support Services,49031,48.315827598696124,30.61796700345952
2022-07-01,Operations,West,55120,36214,9731,New Ventures,9175,34.29970972423803,16.645500725689406
2022-07-01,HR,North,175037,70324,23660,New Ventures,81053,59.82335163422591,46.30620954426779
2022-07-01,HR,South,159843,89746,27726,Support Services,42371,43.853656400342835,26.50788586300307
2022-07-01,HR,East,107812,58915,13723,New Ventures,35174,45.35394946759174,32.62531072607873
2022-07-01,HR,West,57608,29763,9614,New Ventures,18231,48.335300652687124,31.64664629912512
2022-08-01,Sales,North,93265,60822,17902,Support Services,14541,34.78582533640701,15.591057738701549
2022-08-01,Sales,South,190017,77544,26488,Support Services,85985,59.19101975086439,45.25121436503049
2022-08-01,Sales,East,57104,24279,8157,New Ventures,24668,57.482838330064446,43.198374894928556
2022-08-01,Sales,West,97639,40528,13465,Core Business,43646,58.491996026178064,44.70140005530577
2022-08-01,Marketing,North,169196,84268,29799,New Ventures,55129,50.195040071869315,32.5829215820705
2022-08-01,Marketing,South,122943,76913,22522,New Ventures,23508,37.440114524617094,19.12105609916791
2022-08-01,Marketing,East,71471,38672,12500,Core Business,20299,45.89134054371703,28.401729372752587
2022-08-01,Marketing,West,141740,66230,15146,Support Services,60364,53.27359954846903,42.58783688443629
2022-08-01,R&D,North,60553,37922,11805,Core Business,10826,37.37387082390633,17.878552672865094
2022-08-01,R&D,South,55342,32452,6854,New Ventures,16036,41.36099165190994,28.976184453037472
2022-08-01,R&D,East,79986,45527,9742,Support Services,24717,43.08128922561448,30.90165779011327
2022-08-01,R&D,West,117172,73826,13683,Support Services,29663,36.99347967091114,25.315775099853205
2022-08-01,Operations,North,80024,50682,9312,New Ventures,20030,36.666500049985004,25.02999100269919
2022-08-01,Operations,South,78337,44934,15110,Support Services,18293,42.64013173851437,23.351672900417427
2022-08-01,Operations,East,148384,77010,25448,Core Business,45926,48.10087340953203,30.950776364028464
2022-08-01,Operations,West,113661,48939,20146,Support Services,44576,56.94301475440125,39.21837745576759
2022-08-01,HR,North,81733,52216,12798,Core Business,16719,36.11393194915151,20.455629916924618
2022-08-01,HR,South,141017,78944,23430,Core Business,38643,44.018097108859216,27.40307906138976
2022-08-01,HR,East,182634,108532,18494,New Ventures,55608,40.57404426339017,30.447780807516672
2022-08-01,HR,West,178503,77052,35000,Support Services,66451,56.83433891867363,37.22682531946242
2022-09-01,Sales,North,170517,104389,24477,Support Services,41651,38.780884017429344,24.426303535717846
2022-09-01,Sales,South,186772,128805,23721,Support Services,34246,31.03623669500782,18.33572484098259
2022-09-01,Sales,East,176745,95347,32268,Support Services,49130,46.05391948852867,27.79710882910408
2022-09-01,Sales,West,120358,59780,14990,Core Business,45588,50.33151099220659,37.87700028249057
2022-09-01,Marketing,North,123119,81811,15314,New Ventures,25994,33.55127965626751,21.11290702491086
2022-09-01,Marketing,South,199382,116259,27494,Core Business,55629,41.69032309837398,27.900713203799743
2022-09-01,Marketing,East,179579,117675,21223,Core Business,40681,34.471736672996286,22.653539667778528
2022-09-01,Marketing,West,143015,91436,19168,Support Services,32411,36.065447680313255,22.662657763171694
2022-09-01,R&D,North,122422,69381,18566,Core Business,34475,43.32636290862754,28.1607880936433
2022-09-01,R&D,South,72442,34222,10188,Support Services,28032,52.75944893846112,38.69578421357776
2022-09-01,R&D,East,112999,68611,18598,New Ventures,25790,39.28176355542969,22.823210824874558
2022-09-01,R&D,West,167486,106835,18307,Core Business,42344,36.212578961823674,25.282113131843854
2022-09-01,Operations,North,156011,94782,20378,Support Services,40851,39.246591586490695,26.184692105043876
2022-09-01,Operations,South,146736,79527,22464,New Ventures,44745,45.802666012430485,30.4935394177298
2022-09-01,Operations,East,194281,96992,33083,New Ventures,64206,50.076435678218665,33.04800778254178
2022-09-01,Operations,West,130379,61984,14610,Core Business,53785,52.458601461891874,41.252809118032815
2022-09-01,HR,North,132719,57847,20383,Support Services,54489,56.413927169433165,41.05591512895666
2022-09-01,HR,South,98535,45076,17131,New Ventures,36328,54.25381844014817,36.86811792763993
2022-09-01,HR,East,187530,108586,37140,Core Business,41804,42.09673118967632,22.29189996267264
2022-09-01,HR,West,127659,59775,15056,Core Business,52828,53.17603929217681,41.38211955287132
2022-10-01,Sales,North,190020,83223,19866,Core Business,86931,56.20303125986739,45.748342279760024
2022-10-01,Sales,South,195059,95118,37921,Support Services,62020,51.23629260890294,31.795508025776815
2022-10-01,Sales,East,178680,76971,18087,New Ventures,83622,56.922431161853595,46.79986568166555
2022-10-01,Sales,West,173049,94071,23200,Core Business,55778,45.639096440892466,32.23248906379118
2022-10-01,Marketing,North,116185,79275,17168,Core Business,19742,31.768300555149114,16.991866419933725
2022-10-01,Marketing,South,155043,84889,24450,Support Services,45704,45.24809246467109,29.47827376921241
2022-10-01,Marketing,East,64053,28536,11600,New Ventures,23917,55.449393471031804,37.33939081697969
2022-10-01,Marketing,West,72329,50498,8089,New Ventures,13742,30.18291418379903,18.99929488863388
2022-10-01,R&D,North,109162,69067,15068,New Ventures,25027,36.72981440427988,22.92647624631282
2022-10-01,R&D,South,127949,84196,25462,New Ventures,18291,34.19565608172006,14.295539629070959
2022-10-01,R&D,East,199062,116711,32041,Support Services,50310,41.36952306316625,25.273532869156345
2022-10-01,R&D,West,76013,52013,9180,Core Business,14820,31.57354663018168,19.49666504413719
2022-10-01,Operations,North,119375,71401,13812,Core Business,34162,40.18764397905759,28.61738219895288
2022-10-01,Operations,South,194701,82264,19522,New Ventures,92915,57.74854777325233,47.721891515708705
2022-10-01,Operations,East,173184,84406,21327,Support Services,67451,51.26224131559497,38.94759331116038
2022-10-01,Operations,West,124112,75819,18046,Support Services,30247,38.910822482918654,24.370729663529715
2022-10-01,HR,North,111190,75294,19878,Support Services,16018,32.28347873010163,14.405971760050365
2022-10-01,HR,South,101857,53733,15732,Support Services,32392,47.24663007942508,31.801447126854317
2022-10-01,HR,East,89056,59892,16267,Core Business,12897,32.74793388429752,14.48189902982393
2022-10-01,HR,West,65633,29520,8582,Support Services,27531,55.02262581323419,41.94688647479165
2022-11-01,Sales,North,199214,134739,28669,New Ventures,35806,32.36469324445069,17.973636391016694
2022-11-01,Sales,South,129715,79115,25199,Support Services,25401,39.00859576764445,19.582160891184518
2022-11-01,Sales,East,191552,104997,20696,Core Business,65859,45.18616354827932,34.38178666889409
2022-11-01,Sales,West,163253,101275,26181,Core Business,35797,37.96438656563738,21.92731527138858
2022-11-01,Marketing,North,73940,34654,12379,Support Services,26907,53.13226940762781,36.3903164728158
2022-11-01,Marketing,South,55438,38799,9270,New Ventures,7369,30.01370900826148,13.292326563007324
2022-11-01,Marketing,East,60546,38079,7115,Support Services,15352,37.10732335744723,25.355927724374855
2022-11-01,Marketing,West,165927,111971,19604,Support Services,34352,32.51791450457129,20.703080270239322
2022-11-01,R&D,North,164264,96987,24503,Core Business,42774,40.95663078946087,26.03978960697414
2022-11-01,R&D,South,173210,87365,23094,Support Services,62751,49.56122625714451,36.22827781305929
2022-11-01,R&D,East,77420,50889,10295,Support Services,16236,34.26892275897701,20.971325238956343
2022-11-01,R&D,West,179884,87507,34990,Support Services,57387,51.35365013008383,31.90222587889974
2022-11-01,Operations,North,59619,31982,7837,New Ventures,19800,46.356027440916485,33.21088914607759
2022-11-01,Operations,South,80388,55552,11287,Support Services,13549,30.895158481365375,16.8545056476091
2022-11-01,Operations,East,50301,30044,7759,New Ventures,12498,40.27156517763066,24.846424524363332
2022-11-01,Operations,West,64209,29296,8743,New Ventures,26170,54.373997414692646,40.75752620349172
2022-11-01,HR,North,165878,104170,19964,Support Services,41744,37.20083434813537,25.165483065867683
2022-11-01,HR,South,84344,57210,12129,Support Services,15005,32.17063454424737,17.79023996964811
2022-11-01,HR,East,177064,77275,34937,Support Services,64852,56.35758821669001,36.62630461302128
2022-11-01,HR,West,112730,69096,14776,Core Business,28858,38.70664419409208,25.59921937372483
2022-12-01,Sales,North,194769,101746,23853,Core Business,69170,47.76068060112236,35.513865142810204
2022-12-01,Sales,South,170965,116960,28170,Core Business,25835,31.58833679408066,15.111280086567428
2022-12-01,Sales,East,180646,122802,23336,Support Services,34508,32.020637047042285,19.1025541667128
2022-12-01,Sales,West,121676,63836,18038,New Ventures,39802,47.53607942404418,32.71146323021796
2022-12-01,Marketing,North,113892,61164,13036,Core Business,39692,46.296491412917504,34.85056017981948
2022-12-01,Marketing,South,183232,114316,20824,Core Business,48092,37.61133426475725,26.246507160321343
2022-12-01,Marketing,East,122416,77342,22700,New Ventures,22374,36.82035028100902,18.277022611423345
2022-12-01,Marketing,West,183100,87915,18356,Support Services,76829,51.98525395958493,41.9601310759148
2022-12-01,R&D,North,128264,83531,20264,Support Services,24469,34.87572506704921,19.07705981413335
2022-12-01,R&D,South,178356,117639,25800,New Ventures,34917,34.04258897934468,19.577137859113233
2022-12-01,R&D,East,140472,70198,24763,New Ventures,45511,50.02705165442224,32.39862748448089
2022-12-01,R&D,West,169365,115143,31664,Support Services,22558,32.01487910725356,13.319162754996604
2022-12-01,Operations,North,112601,64355,13890,New Ventures,34356,42.846866368859956,30.511274322608145
2022-12-01,Operations,South,61441,30441,9050,New Ventures,21950,50.45490796048241,35.72532999137384
2022-12-01,Operations,East,151208,105320,27102,Support Services,18786,30.347600656049945,12.42394582297233
2022-12-01,Operations,West,89873,49304,9320,Support Services,31249,45.14036473690653,34.770175692365896
2022-12-01,HR,North,137030,90564,25682,New Ventures,20784,33.90936291323068,15.167481573378092
2022-12-01,HR,South,76138,42468,11092,Support Services,22578,44.22233313194462,29.654049226404688
2022-12-01,HR,East,87789,45913,14527,Core Business,27349,47.700736994384265,31.153105742177267
2022-12-01,HR,West,69615,37651,13708,New Ventures,18256,45.91539179774474,26.224233283056815
2023-01-01,Sales,North,154197,91739,28553,Support Services,33905,40.50532760040727,21.988106123984256
2023-01-01,Sales,South,189885,97601,25001,Support Services,67283,48.599942070200385,35.43355188666825
2023-01-01,Sales,East,177912,117727,18429,Core Business,41756,33.82852196591573,23.470030127253924
2023-01-01,Sales,West,111543,65737,21426,Core Business,24380,41.06577732354339,21.857041678993752
2023-01-01,Marketing,North,73692,39070,8094,Support Services,26528,46.982033327905334,35.99848016066873
2023-01-01,Marketing,South,76347,40700,12933,Core Business,22714,46.69076715522548,29.75100527853092
2023-01-01,Marketing,East,62056,30861,6553,New Ventures,24642,50.269111770014185,39.7092948304757
2023-01-01,Marketing,West,148262,78461,18446,New Ventures,51355,47.07949440854703,34.63800569262522
2023-01-01,R&D,North,198354,119912,23406,Core Business,55036,39.546467426923584,27.746352480917956
2023-01-01,R&D,South,70701,41207,9774,Support Services,19720,41.71652451874797,27.89210902250322
2023-01-01,R&D,East,113132,62143,17910,Core Business,33079,45.070360287098254,29.239295689990453
2023-01-01,R&D,West,170887,101057,24942,Support Services,44888,40.86326051718387,26.26765055270442
2023-01-01,Operations,North,52463,35133,7687,New Ventures,9643,33.03280407144082,18.38057297523969
2023-01-01,Operations,South,193287,86475,27866,New Ventures,78946,55.260829750578154,40.84392638925536
2023-01-01,Operations,East,128421,75984,18291,New Ventures,34146,40.83210689840447,26.589109257831662
2023-01-01,Operations,West,169756,110951,20357,New Ventures,38448,34.640896345342725,22.648978533895708
2023-01-01,HR,North,176670,76320,24404,New Ventures,75946,56.800815078960774,42.98749080206034
2023-01-01,HR,South,127561,89013,16522,Support Services,22026,30.219267644499492,17.26703302733594
2023-01-01,HR,East,153758,74164,24077,Support Services,55517,51.7657617815008,36.106739161539565
2023-01-01,HR,West,62856,42313,10969,New Ventures,9574,32.682639684357895,15.231640575283187
2023-02-01,Sales,North,110324,64221,14919,Support Services,31184,41.78873137304666,28.265835176389544
2023-02-01,Sales,South,99841,58533,16750,Support Services,24558,41.373784317064136,24.597109403952285
2023-02-01,Sales,East,85855,50523,16341,Support Services,18991,41.1531069827034,22.119853240929473
2023-02-01,Sales,West,60334,29725,8693,Support Services,21916,50.73258859018133,36.32446050319886
2023-02-01,Marketing,North,145646,90257,15877,New Ventures,39512,38.029880669568676,27.128791727888167
2023-02-01,Marketing,South,135647,84676,15947,Core Business,35024,37.57620883617035,25.81995915869868
2023-02-01,Marketing,East,191402,126887,26142,Support Services,38373,33.70654434122945,20.048379849740336
2023-02-01,Marketing,West,121441,78832,15264,New Ventures,27345,35.08617353282664,22.51710707257022
2023-02-01,R&D,North,127369,79474,17051,Core Business,30844,37.6033414724148,24.216253562483807
2023-02-01,R&D,South,172770,119015,19708,Core Business,34047,31.11361926260346,19.706546275395034
2023-02-01,R&D,East,154179,106411,27822,New Ventures,19946,30.982170075042646,12.9369109930665
2023-02-01,R&D,West,73672,46944,7469,Support Services,19259,36.27972635465306,26.141546313389075
2023-02-01,Operations,North,82398,44201,13783,Support Services,24414,46.35670768707978,29.629359935920775
2023-02-01,Operations,South,118724,68309,21636,New Ventures,28779,42.46403423065261,24.240254708399313
2023-02-01,Operations,East,78402,47233,11536,Support Services,19633,39.75536338358715,25.041453024157544
2023-02-01,Operations,West,197169,98269,31745,Support Services,67155,50.160015012501965,34.059613833817686
2023-02-01,HR,North,66571,39318,9747,Support Services,17506,40.93824638356041,26.29673581589581
2023-02-01,HR,South,129217,76854,14429,Core Business,37934,40.52330575698244,29.356818375291176
2023-02-01,HR,East,59754,29357,8919,Core Business,21478,50.870234628644106,35.94403721926566
2023-02-01,HR,West,111551,74312,12668,New Ventures,24571,33.38293695260464,22.026696309311436
2023-03-01,Sales,North,147258,88523,25669,Support Services,33066,39.88577870132693,22.45446766898912
2023-03-01,Sales,South,159871,92118,27603,New Ventures,40150,42.379793708677624,25.11399816101732
2023-03-01,Sales,East,75957,49380,12272,New Ventures,14305,34.98953355187804,18.833023947759916
2023-03-01,Sales,West,58576,35560,7130,New Ventures,15886,39.29254302103251,27.12032231630702
2023-03-01,Marketing,North,111895,73474,12301,Support Services,26120,34.33665489968274,23.343312927297912
2023-03-01,Marketing,South,146294,82413,28934,New Ventures,34947,43.66617906407645,23.888197738799953
2023-03-01,Marketing,East,65872,34216,7837,Core Business,23819,48.05683750303619,36.15952149623512
2023-03-01,Marketing,West,169201,72333,20508,Support Services,76360,57.250252658081216,45.12975691633028
2023-03-01,R&D,North,55598,23082,7414,Core Business,25102,58.484118133745824,45.14910608295262
2023-03-01,R&D,South,198000,91389,36230,Support Services,70381,53.84393939393939,35.545959595959594
2023-03-01,R&D,East,104305,60070,18911,Core Business,25324,42.4092804755285,24.278797756579262
2023-03-01,R&D,West,136129,86075,24348,Support Services,25706,36.76953477951061,18.883558977146677
2023-03-01,Operations,North,50743,24518,10067,Core Business,16158,51.68200539975957,31.842815757838522
2023-03-01,Operations,South,191614,91054,22505,Support Services,78055,52.480507687329734,40.73554124437672
2023-03-01,Operations,East,56758,24947,7709,Core Business,24102,56.04672469079248,42.464498396701785
2023-03-01,Operations,West,134874,54588,17066,Core Business,63220,59.52666933582454,46.87337811587111
2023-03-01,HR,North,160352,89448,27992,New Ventures,42912,44.217721013769705,26.761125523847536
2023-03-01,HR,South,167512,106102,25348,Core Business,36062,36.66006017479344,21.528009933616694
2023-03-01,HR,East,168490,92863,32778,Core Business,42849,44.88515638910321,25.431182859516888
2023-03-01,HR,West,186695,91571,30680,Core Business,64444,50.95155199657195,34.51833203888695
2023-04-01,Sales,North,65945,46133,12182,New Ventures,7630,30.043217833042686,11.570247933884298
2023-04-01,Sales,South,78301,42836,14953,Core Business,20512,45.29316356112948,26.196344874267254
2023-04-01,Sales,East,71178,35349,8173,Core Business,27656,50.33718283739358,38.85470229565315
2023-04-01,Sales,West,122093,71704,19356,Support Services,31033,41.27099833733301,25.417509603335166
2023-04-01,Marketing,North,135245,69552,21603,New Ventures,44090,48.573329882805275,32.600096121852935
2023-04-01,Marketing,South,168938,93197,24161,Support Services,51580,44.83360759568599,30.531911115320415
2023-04-01,Marketing,East,79992,52461,13206,Support Services,14325,34.41719171917192,17.908040804080407
2023-04-01,Marketing,West,106367,56270,20083,New Ventures,30014,47.0982541577745,28.217398253217635
2023-04-01,R&D,North,138848,90004,19421,Support Services,29423,35.17803641392026,21.190798571099332
2023-04-01,R&D,South,74926,36995,9834,New Ventures,28097,50.624616288070904,37.49966633745295
2023-04-01,R&D,East,148120,101621,24985,New Ventures,21514,31.392789630029704,14.52470969484202
2023-04-01,R&D,West,67598,28889,7336,New Ventures,31373,57.26352850676055,46.411136424154556
2023-04-01,Operations,North,75313,46948,10337,Core Business,18028,37.66282049579754,23.937434440269275
2023-04-01,Operations,South,195849,81863,38320,Support Services,75666,58.20096094440105,38.63486665747591
2023-04-01,Operations,East,136414,81985,19245,Support Services,35184,39.89986365035847,25.792074127288988
2023-04-01,Operations,West,160870,106242,27686,New Ventures,26942,33.95785416796171,16.74768446571766
2023-04-01,HR,North,131906,66677,20813,Core Business,44416,49.45112428547602,33.672463724167216
2023-04-01,HR,South,90561,54066,11086,Core Business,25409,40.298804120979234,28.057331522399267
2023-04-01,HR,East,141780,92669,19389,New Ventures,29722,34.63887713358725,20.96346452249965
2023-04-01,HR,West,109286,70179,20164,Support Services,18943,35.784089453360906,17.333418736160166
2023-05-01,Sales,North,195945,79921,37799,Support Services,78225,59.2125341294751,39.921916864426244
2023-05-01,Sales,South,120109,49086,15293,New Ventures,55730,59.13212165616232,46.39952043560432
2023-05-01,Sales,East,139082,70279,16431,Core Business,52372,49.46937777713867,37.65548381530321
2023-05-01,Sales,West,198457,118519,21226,Support Services,58712,40.27975833555884,29.584242430350148
2023-05-01,Marketing,North,58036,24811,8882,New Ventures,24343,57.24894892825143,41.94465504169826
2023-05-01,Marketing,South,160056,85805,18525,New Ventures,55726,46.39063827660319,34.816564202529115
2023-05-01,Marketing,East,135035,85483,21167,Core Business,28385,36.695671492576,21.020476172844077
2023-05-01,Marketing,West,63791,28493,11191,Core Business,24107,55.33382452070042,37.7905974196987
2023-05-01,R&D,North,71386,34381,11863,New Ventures,25142,51.837895385649844,35.21979099543328
2023-05-01,R&D,South,165879,86962,20163,Support Services,58754,47.57503963732601,35.41979394618969
2023-05-01,R&D,East,79836,40201,8868,Support Services,30767,49.64552332281176,38.53775239240443
2023-05-01,R&D,West,177567,99096,23233,Core Business,55238,44.19233303485445,31.108257728068843
2023-05-01,Operations,North,153615,106813,16203,Core Business,30599,30.467076782866258,19.919278716271197
2023-05-01,Operations,South,129015,88194,22801,New Ventures,18020,31.640506917800256,13.96736813548812
2023-05-01,Operations,East,125876,62741,12684,Support Services,50451,50.15650322539642,40.079919921192285
2023-05-01,Operations,West,162893,73743,22482,Support Services,66668,54.72917804939439,40.92748000221004
2023-05-01,HR,North,110322,60685,20225,New Ventures,29412,44.99283914359783,26.66014031652798
2023-05-01,HR,South,68894,35764,12001,New Ventures,21129,48.08836763723981,30.668853601184427
2023-05-01,HR,East,54912,29538,5918,New Ventures,19456,46.20847902097902,35.43123543123543
2023-05-01,HR,West,162534,92972,27785,New Ventures,41777,42.79842986698168,25.703545104408924
2023-06-01,Sales,North,125894,54707,12851,New Ventures,58336,56.54518880963351,46.33739495130824
2023-06-01,Sales,South,95055,60872,15381,Support Services,18802,35.96128557151123,19.780127294724107
2023-06-01,Sales,East,144857,61772,26718,Core Business,56367,57.35656544039984,38.912168552434466
2023-06-01,Sales,West,164209,94692,25024,New Ventures,44493,42.334464006235955,27.09534800163207
2023-06-01,Marketing,North,131336,81919,16043,Core Business,33374,37.6263933727234,25.411159164280928
2023-06-01,Marketing,South,70022,38732,7800,Support Services,23490,44.685955842449516,33.54659964011311
2023-06-01,Marketing,East,100830,67735,13605,Support Services,19490,32.82257264702965,19.32956461370624
2023-06-01,Marketing,West,88716,41774,10170,Core Business,36772,52.912665133685024,41.44911853555165
2023-06-01,R&D,North,95481,55447,16806,Support Services,23228,41.92876069584525,24.32735308595427
2023-06-01,R&D,South,69753,31608,12366,New Ventures,25779,54.685819964732694,36.95755021289407
2023-06-01,R&D,East,171622,107492,30203,New Ventures,33927,37.36700423022689,19.76844460500402
2023-06-01,R&D,West,197978,117380,39328,New Ventures,41270,40.710584004283305,20.84575053793856
2023-06-01,Operations,North,132873,59166,14194,New Ventures,59513,55.47176627305773,44.78938535293099
2023-06-01,Operations,South,129382,82662,20590,New Ventures,26130,36.110123510225534,20.19600871836886
2023-06-01,Operations,East,182995,77270,26749,Core Business,78976,57.77480259023471,43.15746331866991
2023-06-01,Operations,West,64913,33145,8354,Support Services,23414,48.93934959099102,36.06981652365474
2023-06-01,HR,North,73670,43060,11102,New Ventures,19508,41.55015610153387,26.48024976245419
2023-06-01,HR,South,195310,134035,33962,Core Business,27313,31.373201576980186,13.98443500076801
2023-06-01,HR,East,167894,112944,26387,Core Business,28563,32.728983763565104,17.01251980416215
2023-06-01,HR,West,134286,78087,20161,Core Business,36038,41.850230105893395,26.83675141116721
2023-07-01,Sales,North,168101,72460,31924,New Ventures,63717,56.89496195739466,37.9039981915634
2023-07-01,Sales,South,72106,39756,8454,Core Business,23896,44.864505034255124,33.14009929825535
2023-07-01,Sales,East,164755,114882,25109,Support Services,24764,30.271008467117845,15.030803314011715
2023-07-01,Sales,West,91614,46647,17570,New Ventures,27397,49.08310956840658,29.90481804091078
2023-07-01,Marketing,North,157156,99375,26384,Core Business,31397,36.76665224363053,19.978238183715543
2023-07-01,Marketing,South,137726,57813,15074,Support Services,64839,58.0231764517956,47.07825682877598
2023-07-01,Marketing,East,151335,73434,26086,Support Services,51815,51.47586480325107,34.23860970694155
2023-07-01,Marketing,West,89419,44710,14152,Core Business,30557,49.99944083472192,34.17282680414677
2023-07-01,R&D,North,141703,69869,23466,Support Services,48368,50.69335158747521,34.13336344325808
2023-07-01,R&D,South,152749,67008,26102,Core Business,59639,56.13195503734886,39.04379079404775
2023-07-01,R&D,East,131155,74453,21555,New Ventures,35147,43.2328161335824,26.79806336014639
2023-07-01,R&D,West,83500,50186,15271,Support Services,18043,39.897005988023956,21.608383233532933
2023-07-01,Operations,North,187990,80466,31402,Support Services,76122,57.196659396776425,40.49257939252088
2023-07-01,Operations,South,144851,58732,18959,Core Business,67160,59.45350739725649,46.36488529592478
2023-07-01,Operations,East,139583,95516,20745,Core Business,23322,31.57046345185302,16.708338407972317
2023-07-01,Operations,West,86061,38424,11151,Core Business,36486,55.35259873810436,42.39551016139715
2023-07-01,HR,North,183087,115575,33598,Support Services,33914,36.87427288666044,18.52343421433526
2023-07-01,HR,South,59895,35851,11238,Support Services,12806,40.14358460639452,21.380749645212454
2023-07-01,HR,East,84353,48855,9736,Core Business,25762,42.082676371913266,30.5407039465105
2023-07-01,HR,West,93395,57564,9747,New Ventures,26084,38.36500883344932,27.928689972696613
2023-08-01,Sales,North,112267,77562,18081,Support Services,16624,30.91291296641043,14.807556984688288
2023-08-01,Sales,South,167683,78844,20778,New Ventures,68061,52.9803259722214,40.58908774294353
2023-08-01,Sales,East,100860,51474,19638,New Ventures,29748,48.96490184414039,29.494348602022608
2023-08-01,Sales,West,171026,107888,30410,Support Services,32728,36.91719387695438,19.136271677990482
2023-08-01,Marketing,North,188270,98954,21878,Core Business,67438,47.440378180273015,35.81983321825039
2023-08-01,Marketing,South,86280,57108,9078,New Ventures,20094,33.810848400556324,23.289290681502088
2023-08-01,Marketing,East,147311,83431,16242,Support Services,47638,43.36403934533063,32.338386135454925
2023-08-01,Marketing,West,82683,40144,14577,New Ventures,27962,51.44830255312458,33.818318154880686
2023-08-01,R&D,North,167786,112683,19250,New Ventures,35853,32.841238243953605,21.368290560595042
2023-08-01,R&D,South,74042,50639,9048,New Ventures,14355,31.607736149752842,19.387644850220145
2023-08-01,R&D,East,141641,96194,20040,New Ventures,25407,32.08604853114564,17.937602812744895
2023-08-01,R&D,West,181598,93012,25172,Core Business,63414,48.781374244209736,34.91998810559588
2023-08-01,Operations,North,148281,69300,19553,Core Business,59428,53.26441014020678,40.077960089289924
2023-08-01,Operations,South,137894,87895,15686,New Ventures,34313,36.259010544331154,24.883606248277662
2023-08-01,Operations,East,173851,105844,19798,Support Services,48209,39.11798033948612,27.730067701652565
2023-08-01,Operations,West,172974,92468,17388,Core Business,63118,46.5422549053615,36.48987709135477
2023-08-01,HR,North,54981,26213,10088,Support Services,18680,52.32352994670886,33.975373310780085
2023-08-01,HR,South,188352,99257,33454,Core Business,55641,47.3023912674142,29.540965851172274
2023-08-01,HR,East,128944,56291,15968,Support Services,56685,56.34461471646607,43.96094428589155
2023-08-01,HR,West,169829,71131,31192,New Ventures,67506,58.116105023288135,39.749394979656
2023-09-01,Sales,North,190523,77148,28871,Core Business,84504,59.50725109304389,44.35370007820578
2023-09-01,Sales,South,87637,42712,8777,New Ventures,36148,51.26259456622203,41.24741832787521
2023-09-01,Sales,East,113062,64580,13424,Support Services,35058,42.88089720684226,31.007765650704922
2023-09-01,Sales,West,72443,40354,9856,Support Services,22233,44.29551509462612,30.690335850254684
2023-09-01,Marketing,North,192627,106368,38300,Support Services,47959,44.78032674547182,24.897340455907013
2023-09-01,Marketing,South,55330,28613,8134,Support Services,18583,48.28664377372131,33.585758178203506
2023-09-01,Marketing,East,151418,105131,18982,Core Business,27305,30.56902085617298,18.032862671544994
2023-09-01,Marketing,West,143610,91415,19312,Support Services,32883,36.34496204999652,22.897430541048674
2023-09-01,R&D,North,77174,48731,13391,New Ventures,15052,36.85567678233602,19.503978023686734
2023-09-01,R&D,South,84972,35118,13136,Support Services,36718,58.67109165372123,43.21188156098479
2023-09-01,R&D,East,95898,62248,16155,Support Services,17495,35.08936578447934,18.243341884085172
2023-09-01,R&D,West,175444,103427,31781,Core Business,40236,41.04842570848818,22.93381363853993
2023-09-01,Operations,North,169977,69876,20424,Core Business,79677,58.890908770010064,46.875165463562716
2023-09-01,Operations,South,60985,30167,7989,New Ventures,22829,50.53373780437812,37.433795195539886
2023-09-01,Operations,East,192352,104258,19939,Support Services,68155,45.798328065213774,35.43243636666112
2023-09-01,Operations,West,100096,48629,18639,Core Business,32828,51.417639066496164,32.79651534526854
2023-09-01,HR,North,137012,66034,24653,New Ventures,46325,51.80422152804134,33.810907073832944
2023-09-01,HR,South,154863,96478,29340,New Ventures,29045,37.701064812124265,18.75528693102936
2023-09-01,HR,East,138876,96118,20778,New Ventures,21980,30.788617183674642,15.827068751980184
2023-09-01,HR,West,146297,99085,22226,Core Business,24986,32.2713384416632,17.078955822744142
2023-10-01,Sales,North,161280,68330,25844,Core Business,67106,57.63268849206349,41.60838293650794
2023-10-01,Sales,South,192992,94205,21279,New Ventures,77508,51.18709583816946,40.161250207262476
2023-10-01,Sales,East,127500,62723,20433,New Ventures,44344,50.80549019607843,34.779607843137256
2023-10-01,Sales,West,93684,56859,12661,Core Business,24164,39.30767260151146,25.79309166986892
2023-10-01,Marketing,North,142421,83238,20436,Support Services,38747,41.55496731521335,27.205959795254913
2023-10-01,Marketing,South,65036,27478,10649,New Ventures,26909,57.74955409311766,41.375545851528386
2023-10-01,Marketing,East,184502,118141,30985,Core Business,35376,35.9676317871893,19.17377589402825
2023-10-01,Marketing,West,87428,57230,14671,New Ventures,15527,34.54042183282244,17.75975659971634
2023-10-01,R&D,North,59122,25887,7307,Support Services,25928,56.21426880010824,43.855079327492305
2023-10-01,R&D,South,146030,74277,28468,Core Business,43285,49.13579401492844,29.64116962268027
2023-10-01,R&D,East,90222,54468,17582,New Ventures,18172,39.62891534215601,20.141428919775663
2023-10-01,R&D,West,166376,104638,26186,Support Services,35552,37.10751550704428,21.368466605760446
2023-10-01,Operations,North,146193,75934,24115,Core Business,46144,48.059072595815124,31.56375476253993
2023-10-01,Operations,South,79739,32515,9457,Support Services,37767,59.22321574135617,47.363272677109066
2023-10-01,Operations,East,151446,102084,16928,New Ventures,32434,32.59379580840695,21.41621436023401
2023-10-01,Operations,West,166987,77543,26916,Support Services,62528,53.5634510470875,37.44483103475121
2023-10-01,HR,North,178765,82241,20302,Core Business,76222,53.9949095180824,42.638100299275585
2023-10-01,HR,South,168500,76127,28870,Core Business,63503,54.820771513353115,37.68724035608309
2023-10-01,HR,East,133778,80313,22869,Support Services,30596,39.96546517364589,22.870726128361913
2023-10-01,HR,West,192126,93586,24975,Core Business,73565,51.289258091044424,38.289976369674065
2023-11-01,Sales,North,95636,61026,14429,Core Business,20181,36.18930110000419,21.101886318959387
2023-11-01,Sales,South,102685,65473,12699,New Ventures,24513,36.23898329843696,23.872035837756243
2023-11-01,Sales,East,56890,28915,8944,New Ventures,19031,49.17384426085428,33.45227632272807
2023-11-01,Sales,West,194610,85420,36669,Core Business,72521,56.1070859668054,37.26478598222085
2023-11-01,Marketing,North,131078,68088,22505,New Ventures,40485,48.05535635270603,30.88618990219564
2023-11-01,Marketing,South,187807,98267,26470,Support Services,63070,47.67660417343337,33.58234783581017
2023-11-01,Marketing,East,69333,30339,9131,Core Business,29863,56.241616546233395,43.071841691546595
2023-11-01,Marketing,West,167958,90655,25485,Core Business,51818,46.02519677538432,30.85176055918741
2023-11-01,R&D,North,194520,115143,22991,Core Business,56386,40.80660086366441,28.98725066831174
2023-11-01,R&D,South,163408,90014,30528,Core Business,42866,44.91456966611182,26.232497796925486
2023-11-01,R&D,East,185817,82856,21641,New Ventures,81320,55.40989252867068,43.763487732554076
2023-11-01,R&D,West,109105,54967,21176,New Ventures,32962,49.620090738279636,30.211264378351128
2023-11-01,Operations,North,70672,33582,11555,Support Services,25535,52.48188815938419,36.13170704097804
2023-11-01,Operations,South,121945,53357,15887,Support Services,52701,56.24502849645332,43.21702406822748
2023-11-01,Operations,East,74491,41027,8705,Support Services,24759,44.92354781114497,33.23757232417339
2023-11-01,Operations,West,90421,40812,14688,Support Services,34921,54.86446732506829,38.62045321330222
2023-11-01,HR,North,138504,90409,21656,Core Business,26439,34.72462889158436,19.088979379656905
2023-11-01,HR,South,71292,29489,11702,Support Services,30101,58.636312629748076,42.2221287100937
2023-11-01,HR,East,119377,71069,21093,New Ventures,27215,40.46675657790026,22.797523811119394
2023-11-01,HR,West,57939,31832,9427,New Ventures,16680,45.0594590862804,28.788898669290113
2023-12-01,Sales,North,129192,70394,23315,Support Services,35483,45.512106012756206,27.4653229302124
2023-12-01,Sales,South,156454,76542,16787,Core Business,63125,51.076993876794454,40.347322535697394
2023-12-01,Sales,East,91439,48634,13571,Core Business,29234,46.81262918448365,31.97104080315839
2023-12-01,Sales,West,139179,81001,18268,Support Services,39910,41.80084639205627,28.675303027037124
2023-12-01,Marketing,North,133706,82932,24879,New Ventures,25895,37.97436165916264,19.367118902667045
2023-12-01,Marketing,South,84279,52944,12768,Core Business,18567,37.18008044708646,22.03039903178728
2023-12-01,Marketing,East,133654,63154,15002,New Ventures,55498,52.74814072156464,41.523635656246725
2023-12-01,Marketing,West,114990,50855,12080,New Ventures,52055,55.774415166536215,45.2691538394643
2023-12-01,R&D,North,159611,75732,29772,Core Business,54107,52.552142396200765,33.89929265526812
2023-12-01,R&D,South,135835,92384,23378,Core Business,20073,31.988073765966064,14.777487392792727
2023-12-01,R&D,East,91770,50425,13900,New Ventures,27445,45.05284951509208,29.906287457774873
2023-12-01,R&D,West,130882,71881,14266,New Ventures,44735,45.07953729313427,34.17964273162085
2023-12-01,Operations,North,182499,98032,22643,Support Services,61824,46.283541279678246,33.8763500073973
2023-12-01,Operations,South,142509,59083,18260,Support Services,65166,58.54086408577703,45.72763825442603
2023-12-01,Operations,East,173361,84205,17477,Core Business,71679,51.42794515490796,41.34666966618789
2023-12-01,Operations,West,162965,71734,20606,New Ventures,70625,55.98195931641764,43.337526462737394
2023-12-01,HR,North,155710,79378,21808,Support Services,54524,49.02189968531244,35.01637659752103
2023-12-01,HR,South,197276,90430,30641,Core Business,76205,54.16066830227702,38.62862182931527
2023-12-01,HR,East,151279,83396,26691,New Ventures,41192,44.87271861923995,27.22915936779064
2023-12-01,HR,West,81145,35590,8899,New Ventures,36656,56.14024277527883,45.17345492636638
2024-01-01,Sales,North,138889,78798,18966,Core Business,41125,43.26548538761169,29.609976312018947
2024-01-01,Sales,South,102181,59340,14319,Core Business,28522,41.92658126266136,27.913212828216594
2024-01-01,Sales,East,61876,25472,10603,New Ventures,25801,58.83379662550908,41.697911952938135
2024-01-01,Sales,West,186139,99974,29898,Support Services,56267,46.2906752480673,30.22848516431269
2024-01-01,Marketing,North,86642,43181,13975,Core Business,29486,50.16158445095912,34.03199372128991
2024-01-01,Marketing,South,153010,106676,26613,New Ventures,19721,30.281680935886545,12.88870008496177
2024-01-01,Marketing,East,138178,76301,20860,New Ventures,41017,44.780645254671505,29.68417548379626
2024-01-01,Marketing,West,197567,96795,35873,New Ventures,64899,51.00649399950397,32.849109416046204
2024-01-01,R&D,North,136832,82392,27091,Support Services,27349,39.78601496725912,19.98728367633302
2024-01-01,R&D,South,130655,83492,22542,Support Services,24621,36.097355631242586,18.844284566224026
2024-01-01,R&D,East,56985,32998,7211,Support Services,16776,42.093533385978766,29.43932613845749
2024-01-01,R&D,West,109649,67589,17363,Core Business,24697,38.35876296181452,22.523689226531936
2024-01-01,Operations,North,187424,110337,30357,New Ventures,46730,41.12973792043708,24.93277275055489
2024-01-01,Operations,South,88738,57368,11023,Support Services,20347,35.35125876174806,22.929297482476503
2024-01-01,Operations,East,78808,36033,11356,New Ventures,31419,54.27748451933814,39.867779920820226
2024-01-01,Operations,West,89696,46990,10798,Support Services,31908,47.61193364252587,35.57349268640742
2024-01-01,HR,North,173628,114914,30138,Core Business,28576,33.81597438201212,16.458174948740986
2024-01-01,HR,South,86197,47891,13454,Support Services,24852,44.44006171908535,28.831629871109204
2024-01-01,HR,East,175402,97811,23043,Core Business,54548,44.236097649969786,31.098847219529997
2024-01-01,HR,West,170498,114853,22886,New Ventures,32759,32.63674647209938,19.213715116892864
2024-02-01,Sales,North,119300,69554,14223,Core Business,35523,41.69823973176865,29.776194467728416
2024-02-01,Sales,South,123139,69872,15082,New Ventures,38185,43.25761943819586,31.00967199668667
2024-02-01,Sales,East,125760,76898,21256,New Ventures,27606,38.853371501272264,21.951335877862597
2024-02-01,Sales,West,133110,72403,20771,Support Services,39936,45.606641123882504,30.002253775073246
2024-02-01,Marketing,North,121685,59179,19146,Support Services,43360,51.36705427949213,35.63298681020668
2024-02-01,Marketing,South,149534,99997,20853,New Ventures,28684,33.12758302459641,19.182259553011356
2024-02-01,Marketing,East,88397,43061,11382,Support Services,33954,51.28680837584986,38.41080579657681
2024-02-01,Marketing,West,70717,35634,10200,New Ventures,24883,49.61041899401841,35.18673020631532
2024-02-01,R&D,North,175587,81506,32096,New Ventures,61985,53.5808459624004,35.30158838638396
2024-02-01,R&D,South,197329,120144,22441,Support Services,54744,39.11487921187459,27.742501102220153
2024-02-01,R&D,East,112726,53289,18823,Support Services,40614,52.726966272199846,36.02895516562284
2024-02-01,R&D,West,109158,64554,11488,New Ventures,33116,40.861869949980765,30.337675662800713
2024-02-01,Operations,North,136584,84027,15031,Core Business,37526,38.479616939026535,27.474667603818897
2024-02-01,Operations,South,51358,35403,10158,Core Business,5797,31.0662408972312,11.287433311266016
2024-02-01,Operations,East,156668,93353,29463,New Ventures,33852,40.41348584267368,21.607475681058034
2024-02-01,Operations,West,175160,104248,30756,New Ventures,40156,40.48412879652889,22.92532541676182
2024-02-01,HR,North,134192,65166,14213,Core Business,54813,51.438237748897095,40.846697269583885
2024-02-01,HR,South,110875,62150,19105,Core Business,29620,43.94588500563698,26.714768883878243
2024-02-01,HR,East,95892,50378,17621,Core Business,27893,47.46381345680557,29.087932257122596
2024-02-01,HR,West,154069,98047,18277,Support Services,37745,36.36163017868617,24.498763541010845
2024-03-01,Sales,North,125882,83462,12704,Support Services,29716,33.69822532212707,23.60623441000302
2024-03-01,Sales,South,78128,53012,10430,New Ventures,14686,32.14724554577104,18.797358181445833
2024-03-01,Sales,East,192422,107235,36353,Core Business,48834,44.27092536196485,25.3785949631539
2024-03-01,Sales,West,182176,98449,21730,Core Business,61997,45.95940189706657,34.031376251536976
2024-03-01,Marketing,North,136686,61337,19941,New Ventures,55408,55.12561637621995,40.53670456374464
2024-03-01,Marketing,South,98810,39941,13212,New Ventures,45657,59.57797793745573,46.20686165367878
2024-03-01,Marketing,East,198840,119765,23724,Support Services,55351,39.76815530074432,27.836954335143833
2024-03-01,Marketing,West,156296,101294,23683,Core Business,31319,35.19091979321288,20.03826073603931
2024-03-01,R&D,North,155076,93166,18373,Core Business,43537,39.922360648972116,28.074621475921486
2024-03-01,R&D,South,175161,87069,21860,New Ventures,66232,50.29201705859181,37.812070038421794
2024-03-01,R&D,East,150551,70857,26402,New Ventures,53292,52.93488585263465,35.397971451534694
2024-03-01,R&D,West,129153,74229,20314,New Ventures,34610,42.52630600915194,26.79767407648293
2024-03-01,Operations,North,144254,87681,15321,Core Business,41252,39.21763001372579,28.59678067852538
2024-03-01,Operations,South,172000,84631,24173,Support Services,63196,50.79593023255814,36.741860465116275
2024-03-01,Operations,East,131521,79844,21552,New Ventures,30125,39.29182411934215,22.905087400491176
2024-03-01,Operations,West,146349,85524,17841,Core Business,42984,41.56160957710678,29.370887399298933
2024-03-01,HR,North,175352,78199,30646,Support Services,66507,55.40455768967563,37.927711118207945
2024-03-01,HR,South,147943,77633,22919,New Ventures,47391,47.52506032728821,32.03328308875716
2024-03-01,HR,East,190907,122294,34852,Core Business,33761,35.940536491590144,17.68452702101023
2024-03-01,HR,West,71461,39850,10920,New Ventures,20691,44.23531716600663,28.954254768335176
2024-04-01,Sales,North,70474,47582,7838,Support Services,15054,32.48290149558702,21.361069330533248
2024-04-01,Sales,South,182510,84072,28045,Core Business,70393,53.93567475754754,38.56939345789272
2024-04-01,Sales,East,136014,89272,19611,Support Services,27131,34.365580013822104,19.94721131648213
2024-04-01,Sales,West,103844,63871,15460,Support Services,24513,38.49331689842456,23.605600708755443
2024-04-01,Marketing,North,166780,107174,24240,Support Services,35366,35.739297277851065,21.205180477275455
2024-04-01,Marketing,South,158901,85336,16807,New Ventures,56758,46.29612148444629,35.71909553747302
2024-04-01,Marketing,East,130784,80691,18256,Core Business,31837,38.302085882065086,24.343191827746512
2024-04-01,Marketing,West,107121,61433,11197,New Ventures,34491,42.650834103490446,32.198168426358976
2024-04-01,R&D,North,66714,37516,7073,Core Business,22125,43.76592619240339,33.16395359294901
2024-04-01,R&D,South,173750,71154,24479,Core Business,78117,59.04805755395684,44.959424460431656
2024-04-01,R&D,East,160195,82074,30298,New Ventures,47823,48.76619120446955,29.85299166640657
2024-04-01,R&D,West,148958,76369,25065,Support Services,47524,48.73118597188469,31.90429517045073
2024-04-01,Operations,North,191374,84184,35601,Core Business,71589,56.01074336116714,37.407902849916915
2024-04-01,Operations,South,96785,67541,13482,Core Business,15762,30.215425944102908,16.285581443405487
2024-04-01,Operations,East,108376,70492,19032,New Ventures,18852,34.9560788366428,17.394995201889717
2024-04-01,Operations,West,171373,103175,26467,Support Services,41731,39.79506690085369,24.350977108412643
2024-04-01,HR,North,149425,96679,18640,New Ventures,34106,35.29931403714237,22.824828509285595
2024-04-01,HR,South,90664,43763,17565,Support Services,29336,51.730565604870726,32.35683402453014
2024-04-01,HR,East,79581,32601,13212,Support Services,33768,59.03419157839183,42.43223885098202
2024-04-01,HR,West,54101,25546,5774,Support Services,22781,52.7809097798562,42.10827895972348
2024-05-01,Sales,North,58801,31395,9831,Core Business,17575,46.608050883488374,29.888947466879817
2024-05-01,Sales,South,114155,71022,16007,Core Business,27126,37.78459112610047,23.76242827734221
2024-05-01,Sales,East,191494,89079,35689,Core Business,66726,53.482093433736836,34.84495597773298
2024-05-01,Sales,West,86735,47805,11182,Support Services,27748,44.883841586441456,31.991698852827575
2024-05-01,Marketing,North,133598,76584,23680,New Ventures,33334,42.67578855970898,24.95097231994491
2024-05-01,Marketing,South,112102,54989,12816,Support Services,44297,50.94735151915219,39.51490606768836
2024-05-01,Marketing,East,186642,87033,24272,Core Business,75337,53.369016620053365,40.36444101541989
2024-05-01,Marketing,West,195940,134131,36831,Core Business,24978,31.544860671634172,12.747779932632438
2024-05-01,R&D,North,161988,91807,16958,New Ventures,53223,43.3248141837667,32.85613749166605
2024-05-01,R&D,South,149917,95308,19770,New Ventures,34839,36.426155806212776,23.238858835222157
2024-05-01,R&D,East,157022,69837,21613,Support Services,65572,55.524066691291665,41.75975341035014
2024-05-01,R&D,West,174130,82239,21336,Support Services,70555,52.77149256302762,40.518578073852865
2024-05-01,Operations,North,87840,56369,16819,Support Services,14652,35.82764116575592,16.68032786885246
2024-05-01,Operations,South,158180,109197,24633,Core Business,24350,30.96662030598053,15.39385510178278
2024-05-01,Operations,East,151821,71789,18269,Support Services,61763,52.71471008621995,40.68146040402843
2024-05-01,Operations,West,70727,47858,13064,Core Business,9805,32.33418637861071,13.863163996776336
2024-05-01,HR,North,190413,117556,22668,New Ventures,50189,38.26261862372842,26.357969256300777
2024-05-01,HR,South,148872,89636,23863,Core Business,35373,39.789886614003976,23.760680315976142
2024-05-01,HR,East,99325,63706,15768,Support Services,19851,35.8610621696451,19.985904857790082
2024-05-01,HR,West,196499,91392,23754,New Ventures,81353,53.48983964294983,41.40122850497967
2024-06-01,Sales,North,129478,88965,13146,Core Business,27367,31.289485472435473,21.136409274162407
2024-06-01,Sales,South,80753,50395,14166,Core Business,16192,37.59364977152552,20.051267445172314
2024-06-01,Sales,East,103611,53773,12840,New Ventures,36998,48.1010703496733,35.708563762534865
2024-06-01,Sales,West,124202,63864,19048,New Ventures,41290,48.58053815558526,33.24423117180078
2024-06-01,Marketing,North,130851,62608,19795,New Ventures,48448,52.15321243246135,37.02531887413929
2024-06-01,Marketing,South,172160,73956,34110,New Ventures,64094,57.04228624535316,37.22932156133829
2024-06-01,Marketing,East,133947,90320,18360,New Ventures,25267,32.57034498719643,18.863431058553008
2024-06-01,Marketing,West,61984,35253,7569,Core Business,19162,43.12564532782653,30.914429530201343
2024-06-01,R&D,North,54251,25944,10496,Support Services,17811,52.17784003981494,32.830731230760726
2024-06-01,R&D,South,159465,77907,19075,Core Business,62483,51.14476530900197,39.18289279779262
2024-06-01,R&D,East,149572,85396,18632,Support Services,45544,42.90642633648009,30.44954938090017
2024-06-01,R&D,West,138490,66087,25227,Support Services,47176,52.28030904758466,34.06455339735721
2024-06-01,Operations,North,178606,96134,30948,New Ventures,51524,46.175380446345585,28.847855055261302
2024-06-01,Operations,South,94371,41710,14594,Core Business,38067,55.80210022146635,40.33760371300505
2024-06-01,Operations,East,192117,133924,37601,Support Services,20592,30.290395956630594,10.718468433298458
2024-06-01,Operations,West,58866,38364,6324,Support Services,14178,34.82825400061156,24.085210478034856
2024-06-01,HR,North,62717,39467,8858,Support Services,14392,37.0712884863753,22.947526189071542
2024-06-01,HR,South,110668,46523,12738,Core Business,51407,57.96165106444501,46.45154877652076
2024-06-01,HR,East,182574,98006,19361,Support Services,65207,46.319848390241766,35.71538116051573
2024-06-01,HR,West,176669,105610,17944,Support Services,53115,40.22154424375527,30.06469725871545
2024-07-01,Sales,North,194610,101859,19786,Support Services,72965,47.65993525512563,37.49293458712296
2024-07-01,Sales,South,122021,68419,15700,Support Services,37902,43.928504109948285,31.061866400045897
2024-07-01,Sales,East,162872,104539,31104,Core Business,27229,35.815241416572526,16.718036249324623
2024-07-01,Sales,West,75248,41936,9338,Support Services,23974,44.26961513927281,31.85998298958112
2024-07-01,Marketing,North,188007,89439,25464,New Ventures,73104,52.427835133798204,38.883658587180264
2024-07-01,Marketing,South,70714,36199,9942,Support Services,24573,48.80928811833583,34.7498373730803
2024-07-01,Marketing,East,113755,79295,13944,Support Services,20516,30.29317392642082,18.03525119774955
2024-07-01,Marketing,West,71133,42403,13218,Core Business,15512,40.38913022085389,21.807037521262988
2024-07-01,R&D,North,74510,38863,10261,New Ventures,25386,47.84190041605154,34.07059455106697
2024-07-01,R&D,South,64710,38245,11019,Core Business,15446,40.8978519548756,23.869571936331326
2024-07-01,R&D,East,181034,118323,29778,New Ventures,32933,34.640454279306645,18.191610415723012
2024-07-01,R&D,West,198335,137485,39148,Support Services,21702,30.680414450298738,10.942092923588879
2024-07-01,Operations,North,61154,28676,11627,Support Services,20851,53.1085456388789,34.095889066945745
2024-07-01,Operations,South,198579,107758,20782,Core Business,70039,45.73545037491376,35.27009401799788
2024-07-01,Operations,East,123498,82718,19309,Core Business,21471,33.02077766441562,17.385706651119857
2024-07-01,Operations,West,97016,65837,12752,Core Business,18427,32.137997856023745,18.99377422280861
2024-07-01,HR,North,87798,54933,15037,New Ventures,17828,37.43251554705119,20.305701724412856
2024-07-01,HR,South,70168,34367,10973,Support Services,24828,51.021833314331325,35.3836506669707
2024-07-01,HR,East,152015,91681,23418,New Ventures,36916,39.68950432523106,24.28444561391968
2024-07-01,HR,West,86687,55232,14644,Core Business,16811,36.285717581644306,19.392757852965268
2024-08-01,Sales,North,181279,113052,24397,Core Business,43830,37.63646092487271,24.17820045344469
2024-08-01,Sales,South,164580,77293,17709,Support Services,69578,53.03621339166364,42.27609673107303
2024-08-01,Sales,East,153993,106359,20425,Support Services,27209,30.932574857298707,17.66898495386154
2024-08-01,Sales,West,121651,77256,17646,Core Business,26749,36.49374028984555,21.988310823585504
2024-08-01,Marketing,North,143273,81079,19706,Core Business,42488,43.409435134323985,29.655273498844863
2024-08-01,Marketing,South,149633,63700,24219,Core Business,61714,57.429176719039255,41.243575949155606
2024-08-01,Marketing,East,69269,29412,7995,Support Services,31862,57.539447660569664,45.99748805381917
2024-08-01,Marketing,West,90442,56245,11908,Core Business,22289,37.81097277813406,24.644523562061874
2024-08-01,R&D,North,73991,29711,9680,New Ventures,34600,59.84511629792812,46.76244408103688
2024-08-01,R&D,South,120717,51989,13125,New Ventures,55603,56.93315771598036,46.060621122128616
2024-08-01,R&D,East,167661,95079,25357,Core Business,47225,43.290926333494376,28.166955940856848
2024-08-01,R&D,West,56884,24282,8841,Support Services,23761,57.31312847197806,41.77097250544969
2024-08-01,Operations,North,135047,89011,13671,New Ventures,32365,34.08887276281591,23.965730449399096
2024-08-01,Operations,South,151659,96114,26158,Support Services,29387,36.624928293078554,19.377023453932836
2024-08-01,Operations,East,113633,64951,13290,New Ventures,35392,42.84142810627195,31.145881918104777
2024-08-01,Operations,West,94433,41706,12286,New Ventures,40441,55.83535416644605,42.825071743987806
2024-08-01,HR,North,88255,36977,12661,New Ventures,38617,58.10209053311427,43.756161124015634
2024-08-01,HR,South,128578,70109,13846,New Ventures,44623,45.47356468447168,34.705003966463934
2024-08-01,HR,East,114642,70650,17148,Support Services,26844,38.37337101585806,23.415502171978854
2024-08-01,HR,West,101261,54413,11498,Core Business,35350,46.26460335173463,34.909787578633434
2024-09-01,Sales,North,153728,76812,24906,New Ventures,52010,50.03382597835137,33.832483347210655
2024-09-01,Sales,South,165401,82770,30028,Support Services,52603,49.957980907007816,31.803314369320624
2024-09-01,Sales,East,85684,41996,13736,Support Services,29952,50.98734886326503,34.95635124410625
2024-09-01,Sales,West,102652,55812,12088,New Ventures,34752,45.62989517983089,33.854186961773756
2024-09-01,Marketing,North,133660,65150,22654,New Ventures,45856,51.256920544665576,34.30794553344306
2024-09-01,Marketing,South,113550,56521,14537,New Ventures,42492,50.223690004403345,37.42140026420079
2024-09-01,Marketing,East,145686,63251,22783,Support Services,59652,56.584023173125765,40.94559532144475
2024-09-01,Marketing,West,193033,87632,34120,Core Business,71281,54.60258090585548,36.926846704967545
2024-09-01,R&D,North,171011,116782,20686,New Ventures,33543,31.7108256194046,19.61452772043904
2024-09-01,R&D,South,68129,43990,12233,New Ventures,11906,35.431314124675254,17.475671153253387
2024-09-01,R&D,East,180889,79908,23566,New Ventures,77415,55.82484285943313,42.79696388392882
2024-09-01,R&D,West,90407,55561,16174,Core Business,18672,38.5434756158262,20.653267999159358
2024-09-01,Operations,North,167720,116936,24809,New Ventures,25975,30.279036489387074,15.48712139279752
2024-09-01,Operations,South,190081,104921,36503,Support Services,48657,44.80195285167902,25.59803452212478
2024-09-01,Operations,East,159655,89900,28589,New Ventures,41166,43.691083899658636,25.784347499295357
2024-09-01,Operations,West,190746,110279,36516,Core Business,43951,42.185419353485784,23.041636521866778
2024-09-01,HR,North,115072,68730,15592,Support Services,30750,40.27217741935484,26.722399888765295
2024-09-01,HR,South,61612,35055,10135,Support Services,16422,43.10361617866649,26.653898591183534
2024-09-01,HR,East,154757,106789,20607,New Ventures,27361,30.99569001725285,17.679975703845383
2024-09-01,HR,West,77772,31354,9789,Support Services,36629,59.68471943630098,47.09792727459754
2024-10-01,Sales,North,185999,105535,31390,Core Business,49074,43.26044763681525,26.384012817273213
2024-10-01,Sales,South,166858,85470,24412,Support Services,56976,48.776804228745405,34.14639993287706
2024-10-01,Sales,East,181194,80671,36197,New Ventures,64326,55.478106339061995,35.50117553561376
2024-10-01,Sales,West,77406,37822,14866,Core Business,24718,51.13815466501305,31.932925096245768
2024-10-01,Marketing,North,80426,52228,13914,New Ventures,14284,35.060801233431974,17.760425732971925
2024-10-01,Marketing,South,131760,66264,23509,Support Services,41987,49.70856102003643,31.86627200971463
2024-10-01,Marketing,East,176596,89090,19383,Support Services,68123,49.551518720695825,38.575618926816006
2024-10-01,Marketing,West,168606,83573,21923,Support Services,63110,50.43296205354495,37.43045917701624
2024-10-01,R&D,North,80168,32610,10767,Core Business,36791,59.32292186408542,45.89237601037821
2024-10-01,R&D,South,93084,63201,16201,Support Services,13682,32.10326157019466,14.698551845644795
2024-10-01,R&D,East,95731,54142,12741,New Ventures,28848,43.44360760882055,30.134439209869324
2024-10-01,R&D,West,171124,80352,24043,Core Business,66729,53.044575863116805,38.99453028213459
2024-10-01,Operations,North,98860,58539,14158,Core Business,26163,40.785959943354236,26.46469755209387
2024-10-01,Operations,South,101727,54410,14542,Core Business,32775,46.51370825837782,32.21858503642101
2024-10-01,Operations,East,106307,49085,18628,Core Business,38594,53.82712333148335,36.304288522863025
2024-10-01,Operations,West,76673,49059,11783,New Ventures,15831,36.01528569379051,20.647424777953123
2024-10-01,HR,North,135454,62189,15088,Support Services,58177,54.08847283948794,42.94963603880284
2024-10-01,HR,South,178315,99555,29227,Support Services,49533,44.16902672237333,27.778369738945123
2024-10-01,HR,East,151879,88605,24103,New Ventures,39171,41.660795765049805,25.790925671093433
2024-10-01,HR,West,142270,92995,23010,Support Services,26265,34.634849230336684,18.46137625641386
2024-11-01,Sales,North,127973,86459,20349,Support Services,21165,32.439655239777146,16.53864487040235
2024-11-01,Sales,South,85113,42042,10541,Core Business,32530,50.604490500863555,38.21977841222845
2024-11-01,Sales,East,97984,50167,11183,New Ventures,36634,48.80082462442848,37.38773677335075
2024-11-01,Sales,West,159638,92418,25139,New Ventures,42081,42.10776882697102,26.360265099788272
2024-11-01,Marketing,North,98694,53887,15173,Support Services,29634,45.39992299430563,30.02614140677245
2024-11-01,Marketing,South,95412,54048,14212,Core Business,27152,43.353037353791976,28.45763635601392
2024-11-01,Marketing,East,99046,48965,14371,Core Business,35710,50.563374593623166,36.05395472810613
2024-11-01,Marketing,West,144119,98801,21396,Core Business,23922,31.4448476606138,16.598782950200874
2024-11-01,R&D,North,150648,103818,22679,New Ventures,24151,31.08570973394934,16.031410971270777
2024-11-01,R&D,South,157252,95201,22261,New Ventures,39790,39.45959351868339,25.303334774756443
2024-11-01,R&D,East,178109,80180,27881,Core Business,70048,54.98262300052216,39.32872566798983
2024-11-01,R&D,West,126569,51869,15502,New Ventures,59198,59.01919111314777,46.77132631213014
2024-11-01,Operations,North,94094,59676,14731,New Ventures,19687,36.578315301719556,20.922694326949646
2024-11-01,Operations,South,194107,107388,30527,New Ventures,56192,44.67587464645788,28.94898174718068
2024-11-01,Operations,East,192372,124461,26294,Core Business,41617,35.301915039610755,21.63360572224648
2024-11-01,Operations,West,165701,93439,32970,Core Business,39292,43.609875619338446,23.712590750810193
2024-11-01,HR,North,114888,56216,22969,New Ventures,35703,51.06886707053826,31.07635262168373
2024-11-01,HR,South,118895,59991,21599,New Ventures,37305,49.54287396442239,31.376424576306828
2024-11-01,HR,East,80772,51103,9991,Support Services,19678,36.7317882434507,24.36240281285594
2024-11-01,HR,West,141915,93424,22852,New Ventures,25639,34.16904485079096,18.066448226050806
2024-12-01,Sales,North,93511,54689,16690,Core Business,22132,41.515971383045844,23.66780378778967
2024-12-01,Sales,South,65560,37436,10045,Support Services,18079,42.89810860280659,27.576266015863332
2024-12-01,Sales,East,191234,86153,37845,New Ventures,67236,54.94891075854712,35.15901983956828
2024-12-01,Sales,West,125846,71961,24570,Support Services,29315,42.8182063792254,23.29434388061599
2024-12-01,Marketing,North,74962,33034,13119,New Ventures,28809,55.932339051786236,38.431471945785866
2024-12-01,Marketing,South,65541,45730,12236,Core Business,7575,30.22688088372164,11.557650936055294
2024-12-01,Marketing,East,84784,40264,14509,Core Business,30011,52.50990752972259,35.39700886959804
2024-12-01,Marketing,West,152944,83635,24125,New Ventures,45184,45.31658646301914,29.542839209122295
2024-12-01,R&D,North,158586,81283,17056,Core Business,60247,48.74516035463407,37.99011262028174
2024-12-01,R&D,South,155604,86311,19889,New Ventures,49404,44.5316315775944,31.7498264826097
2024-12-01,R&D,East,169195,115911,22457,Core Business,30827,31.492656402375957,18.219805549809394
2024-12-01,R&D,West,74416,46084,10853,Support Services,17479,38.07245753601376,23.488228337991828
2024-12-01,Operations,North,143905,94262,25840,New Ventures,23803,34.497064035301065,16.54077342691359
2024-12-01,Operations,South,107102,73947,19544,New Ventures,13611,30.956471401094284,12.708446154133442
2024-12-01,Operations,East,120395,59819,15453,Support Services,45123,50.31438182648781,37.479131193155865
2024-12-01,Operations,West,84234,48000,12511,New Ventures,23723,43.01588432224517,28.163212004653705
2024-12-01,HR,North,62690,25940,10194,New Ventures,26556,58.621789759132234,42.36082309778274
2024-12-01,HR,South,54268,23729,10081,New Ventures,20458,56.27441586201813,37.698090955996165
2024-12-01,HR,East,169673,67903,33222,Core Business,68548,59.98007932906238,40.400063651847965
2024-12-01,HR,West,84580,56215,11011,New Ventures,17354,33.536296996925984,20.51785292031213
